
href='/academics/degreeprograms/'>Degree
href='/academics/courses/'>Courses
href='/academics/courses/firstyear/'>First-Year

href='/academics/courses/core/'>Core
href='/academics/courses/upperlevel/'>Upper-Level

href='/academics/courses/llm/'>LL.M.

href='/academics/calendars/'>Academic

href='/academics/summer/'>Summer

href='/academics/clinic/'>Clinical

href='/academics/externship/'>Externship

href='/academics/transitiontopractice/'>Transition-to-Practice

href='/academics/international/'>International

href='/academics/certificateprograms/'>Certificate

href='/academics/policies/'>Academic

href='/academics/wlrc/'>The

href='/academics/courses/adminlaw/'>Administrative
href='/academics/courses/advconlaw/'>Advanced

href='/academics/courses/advevid/'>Advanced
href='/academics/courses/advlegres/'>Advanced

href='/academics/courses/advtrialad/'>Advanced

href='/academics/courses/altdispresol/'>Alternative

href='/academics/courses/animal/'>Animal
href='/academics/courses/antitrustlaw/'>Antitrust
href='/academics/courses/appellatead/'>Appellate
href='/academics/courses/applegconc1/'>Applied
href='/academics/courses/applegconc2/'>Applied
href='/academics/courses/asianlaw/'>Asian

href='/academics/courses/bankinglaw/'>Banking
href='/academics/courses/bankruptcy/'>Bankruptcy

href='/academics/courses/bioethics/'>Bioethics

href='/academics/courses/busbasics/'>Business
href='/academics/courses/civilclinic/'>Civil

href='/academics/courses/civilrights/'>Civil

href='/academics/courses/commarb/'>Commercial
href='/academics/courses/complaw/'>Comparative
href='/academics/courses/complexcivlit/'>Complex

href='/academics/courses/computercrime/'>Computer

href='/academics/courses/conflicts/'>Conflict

href='/academics/courses/conlit/'>Constitutional
href='/academics/courses/cftc/'>Consumer
href='/academics/courses/consumerlaw/'>Consumer
href='/academics/courses/copyrightlaw/'>Copyright
href='/academics/courses/corpfinance/'>Corporate
href='/academics/courses/corpgov/'>Corporate
href='/academics/courses/corptax/'>Corporate
href='/academics/courses/corporations/'>Corporations

href='/academics/courses/crimproadjud/'>Criminal

href='/academics/courses/disabilitylaw/'>Disability
href='/academics/courses/domviolenceclin/'>Domestic

href='/academics/courses/educationlaw/'>Education
href='/academics/courses/electionlaw/'>Election
href='/academics/courses/employdiscrim/'>Employment
href='/academics/courses/employlaw/'>Employment
href='/academics/courses/energylaw/'>Energy

href='/academics/courses/environlaw/'>Environmental
href='/academics/courses/estatetax/'>Estate
href='/academics/courses/externshipfullterm/'>Externship

href='/academics/courses/externshipsummer/'>Externship
href='/academics/courses/externship/'>Externship
href='/academics/courses/habeascorpus/'>Federal
href='/academics/courses/fedjuris/'>Federal
href='/academics/courses/financialaccounting/'>Financial
href='/academics/courses/firstamendment/'>First

href='/academics/courses/healthcareorgs/'>Health

href='/academics/courses/healthlaw/'>Health
href='/academics/courses/healthlawbioethnics/'>Health

href='/academics/courses/healthlaworg/'>Health
href='/academics/courses/honorswritinglab/'>Honors
href='/academics/courses/housinglaw/'>Housing
href='/academics/courses/immigration/'>Immigration

href='/academics/courses/immigrationclinic/'>Immigration
href='/academics/courses/incometaxs/'>Income
href='/academics/courses/insurancelaw/'>Insurance
href='/academics/courses/intlbanking/'>International
href='/academics/courses/intlbustrans/'>International

href='/academics/courses/intlip/'>International

href='/academics/courses/intllaw/'>International
href='/academics/courses/intllawhumanrights/'>International

href='/academics/courses/intltax/'>International
href='/academics/courses/interviewcounsel/'>Interviewing

href='/academics/courses/uslaw/'>Introduction
href='/academics/courses/laborlaw/'>Labor
href='/academics/courses/lawecon/'>Law

href='/academics/courses/rwanda/'>Law

href='/academics/courses/lawnonprofitorgs/'>Law
href='/academics/courses/legdisputemediation/'>Legal

href='/academics/courses/legalhistory/'>Legal
href='/academics/courses/legisprocess/'>Legislative
href='/academics/courses/medialaw/'>Media
href='/academics/courses/mergers/'>Mergers

href='/academics/courses/naturalresourceslaw/'>Natural

href='/academics/courses/negotiation/'>Negotiation
href='/academics/courses/partnershiptax/'>Partnership
href='/academics/courses/patentlaw/'>Patent
href='/academics/courses/paymentsystems/'>Payment
href='/academics/courses/europeanlaw/'>Perspectives
href='/academics/courses/racepov/'>Race
href='/academics/courses/realestate/'>Real

href='/academics/courses/remedies/'>Remedies

href='/academics/courses/latinoclient/'>Representing
href='/academics/courses/secregulation/'>Securities
href='/academics/courses/spanishamerlawyers/'>Spanish
href='/academics/courses/specialtopics/'>Special
href='/academics/courses/sportslaw/'>Sports
href='/academics/courses/trademarklaw/'>Trademark
href='/academics/courses/trialad/'>Trial
href='/academics/courses/workerscomplaw/'>Workers

href='/academics/courses/youthjusticeclinic/'>Youth

href='/academics/courses/youthjusticeclinicf/'>Youth

href='/academics/courses/youthjusticeclinics/'>Youth
href='/academics/courses/adminlaww/'>Administrative
href='/academics/courses/alrct/'>Advanced
href='/academics/courses/advlegw/'>Advanced

href='/academics/courses/advlitprac/'>Advanced

href='/academics/courses/advtax/'>Advanced

href='/academics/courses/foodlaw/'>Agricultural/Food
href='/academics/courses/becomingaprof/'>Becoming

href='/academics/courses/busbankruptcy/'>Business
href='/academics/courses/busplan/'>Business
href='/academics/courses/bustrans/'>Business
href='/academics/courses/childprotect/'>Child

href='/academics/courses/civlawyer/'>Civil

href='/academics/courses/cdlclinic/'>Community
href='/academics/courses/complaww/'>Comparative
href='/academics/courses/computercrimew/'>Computer

href='/academics/courses/constructionlaw/'>Construction
href='/academics/courses/crimlawproc/'>Criminal

href='/academics/courses/crimproinvskills/'>Criminal
href='/academics/courses/cyberspacelaw/'>Cyberspace
href='/academics/courses/deathpenalty/'>Death
href='/academics/courses/derivatives/'>Derivatives

href='/academics/courses/elderlaw/'>Elder
href='/academics/courses/empbene/'>Employee

href='/academics/courses/envmarkets/'>Environmental
href='/academics/courses/famlawprac/'>Family
href='/academics/courses/genocide/'>Genocide,

href='/academics/courses/honorswritingseminar/'>Honors
href='/academics/courses/immigrationw/'>Immigration

href='/academics/courses/ipstrategies/'>Intellectual

href='/academics/courses/judicialsentencing/'>Judicial
href='/academics/courses/juvcourts/'>Juvenile
href='/academics/courses/landusecontrol/'>Land

href='/academics/courses/latinoslaw/'>Latinos

href='/academics/courses/lawmentalhealth/'>Law
href='/academics/courses/lawpractech/'>Law

href='/academics/courses/lawyercitizen/'>Lawyer

href='/academics/courses/lawyering/'>Lawyering

href='/academics/courses/legisad/'>Legislative
href='/academics/courses/mediaprac/'>Media

href='/academics/courses/militaryjustice/'>Military
href='/academics/courses/ncpretriallittorts/'>N.C.

href='/academics/courses/patentsem/'>Patent

href='/academics/courses/privacypractice/'>Privacy
href='/academics/courses/psychiatrylaw/'>Psychiatry

href='/academics/courses/regdereg/'>Regulation/Deregulation:
href='/academics/courses/secregulationw/'>Securities
href='/academics/courses/smallfirmprac/'>Small
href='/academics/courses/socialjustice/'>Social

href='/academics/courses/trademarkprac/'>Trademark
href='/academics/courses/wrongfulconvictions/'>Wrongful
href='/academics/courses/adminproc/'>Administrative
href='/academics/courses/advcommlaw/'>Advanced

href='/academics/courses/advcopylaw/'>Advanced

href='/academics/courses/advpr/'>Advanced
href='/academics/courses/advproplaw/'>Advanced

href='/academics/courses/advtorts/'>Advanced
href='/academics/courses/africanlaw/'>African
href='/academics/courses/artlaw/'>Art
href='/academics/courses/biotech/'>Biotechnology
href='/academics/courses/children/'>Children
href='/academics/courses/churchstate/'>Church

href='/academics/courses/compconlaw/'>Comparative

href='/academics/courses/congpres/'>Congress
href='/academics/courses/conpoliproc/'>Constitution

href='/academics/courses/conadjud/'>Constitutional
href='/academics/courses/concrimpro/'>Constitutional

href='/academics/courses/copyrightmusicind/'>Copyright

href='/academics/courses/corpreorg/'>Corporate
href='/academics/courses/crimjustice/'>Criminal

href='/academics/courses/critlawyering/'>Critical
href='/academics/courses/lawandmed/'>Current
href='/academics/courses/litissues/'>Current
href='/academics/courses/environlawpractice/'>Environmental

href='/academics/courses/environoceancoastlaw/'>Environmental

href='/academics/courses/familywealth/'>Family

href='/academics/courses/fedindianlaw/'>Federal

href='/academics/courses/genderviolencelaw/'>Gender

href='/academics/courses/globalmarkets/'>Global

href='/academics/courses/healthcareantitrust/'>Health

href='/academics/courses/healthlawpolicy/'>Health
href='/academics/courses/hrpolicy/'>Human

href='/academics/courses/intlcompcrimlaw/'>International

href='/academics/courses/intlenvironlaw/'>International

href='/academics/courses/judclerkwrite/'>Judicial

href='/academics/courses/judop/'>Judicial

href='/academics/courses/juriscapitalpun/'>Jurisprudence
href='/academics/courses/jurisprudence/'>Jurisprudence:

href='/academics/courses/laborempappadv/'>Labor

href='/academics/courses/lawliterature/'>Law

href='/academics/courses/lawsocialscience/'>Law
href='/academics/courses/legalissueshighered/'>Legal

href='/academics/courses/marketdemocracy/'>Market
href='/academics/courses/ncstateconlaw/'>N.C.
href='/academics/courses/nationalsecuritylaw/'>National

href='/academics/courses/judicialprocess/'>Nature

href='/academics/courses/philosophylaw/'>Philosophy

href='/academics/courses/politicalcivilrights/'>Political
href='/academics/courses/privacylaw/'>Privacy
href='/academics/courses/profrespissues/'>Professional
href='/academics/courses/propertyslavery/'>Property

href='/academics/courses/publichealthlaw/'>Public

href='/academics/courses/raceresidmunexcl/'>Race,

href='/academics/courses/scientificevidence/'>Scientific
href='/academics/courses/sexequality/'>Sex
href='/academics/courses/sexoffenders/'>Sex

href='/academics/courses/sexualitylaw/'>Sexuality
href='/academics/courses/statelocalgovtlaw/'>State

href='/academics/courses/taxpolicy/'>Tax
href='/academics/courses/transcivlit/'>Transition
href='/academics/courses/whitecollarcrime/'>White

href='/academics/courses/womenhealthlaw/'>Women
href='/academics/courses/advlegres/'>Advanced

href='/academics/courses/alrct/'>Advanced
href='/academics/courses/advlegw/'>Advanced

href='/academics/courses/advlitprac/'>Advanced

href='/academics/courses/advtrialad/'>Advanced

href='/academics/courses/altdispresol/'>Alternative

href='/academics/courses/appellatead/'>Appellate
href='/academics/courses/becomingaprof/'>Becoming

href='/academics/courses/biotech/'>Biotechnology
href='/academics/courses/busbankruptcy/'>Business
href='/academics/courses/busplan/'>Business
href='/academics/courses/bustrans/'>Business
href='/academics/courses/childprotect/'>Child

href='/academics/courses/civlawyer/'>Civil

href='/academics/courses/civilclinic/'>Civil

href='/academics/courses/cdlclinic/'>Community
href='/academics/courses/conadjud/'>Constitutional
href='/academics/courses/constructionlaw/'>Construction
href='/academics/courses/cftc/'>Consumer
href='/academics/courses/crimlawproc/'>Criminal

href='/academics/courses/crimproinvskills/'>Criminal
href='/academics/courses/domviolenceclin/'>Domestic

href='/academics/courses/environlawpractice/'>Environmental

href='/academics/courses/envmarkets/'>Environmental
href='/academics/courses/externshipfullterm/'>Externship

href='/academics/courses/externshipsummer/'>Externship
href='/academics/courses/externship/'>Externship
href='/academics/courses/famlawprac/'>Family
href='/academics/courses/familywealth/'>Family

href='/academics/courses/genderviolencelaw/'>Gender

href='/academics/courses/hrpolicy/'>Human
href='/academics/courses/immigrationclinic/'>Immigration
href='/academics/courses/ipstrategies/'>Intellectual

href='/academics/courses/interviewcounsel/'>Interviewing

href='/academics/courses/judop/'>Judicial

href='/academics/courses/juvcourts/'>Juvenile
href='/academics/courses/laborempappadv/'>Labor

href='/academics/courses/landusecontrol/'>Land

href='/academics/courses/lawpractech/'>Law

href='/academics/courses/lawyercitizen/'>Lawyer

href='/academics/courses/lawyering/'>Lawyering

href='/academics/courses/legdisputemediation/'>Legal

href='/academics/courses/legisad/'>Legislative
href='/academics/courses/mediaprac/'>Media

href='/academics/courses/ncpretriallittorts/'>N.C.

href='/academics/courses/negotiation/'>Negotiation

href='/academics/courses/patentsem/'>Patent

href='/academics/courses/privacypractice/'>Privacy
href='/academics/courses/regdereg/'>Regulation/Deregulation:
href='/academics/courses/smallfirmprac/'>Small
href='/academics/courses/trademarkprac/'>Trademark
href='/academics/courses/transcivlit/'>Transition
href='/academics/courses/trialad/'>Trial
href='/academics/courses/youthjusticeclinic/'>Youth

href='/academics/courses/youthjusticeclinicf/'>Youth

href='/academics/courses/youthjusticeclinics/'>Youth
href='/academics/degreeprograms/'>Degree
href='/academics/courses/'>Courses
href='/academics/courses/firstyear/'>First-Year

href='/academics/courses/core/'>Core

href='/academics/courses/upperlevel/'>Upper-Level
href='/academics/courses/llm/'>LL.M.

href='/academics/calendars/'>Academic

href='/academics/summer/'>Summer

href='/academics/clinic/'>Clinical

href='/academics/externship/'>Externship

href='/academics/transitiontopractice/'>Transition-to-Practice

href='/academics/international/'>International

href='/academics/certificateprograms/'>Certificate

href='/academics/policies/'>Academic

href='/academics/wlrc/'>The

href='/academics/courses/uscommonlaw/'>Foundations

href='/academics/courses/uslegalresandwriting/'>United

href='/academics/degreeprograms/'>Degree
href='/academics/courses/'>Courses
href='/academics/courses/firstyear/'>First-Year
href='/academics/courses/core/'>Core

href='/academics/courses/upperlevel/'>Upper-Level

href='/academics/courses/llm/'>LL.M.

href='/academics/calendars/'>Academic

href='/academics/summer/'>Summer

href='/academics/clinic/'>Clinical

href='/academics/externship/'>Externship

href='/academics/transitiontopractice/'>Transition-to-Practice

href='/academics/international/'>International

href='/academics/certificateprograms/'>Certificate

href='/academics/policies/'>Academic

href='/academics/wlrc/'>The

href='/academics/courses/ba/'>Business
href='/academics/courses/baw/'>Business
href='/academics/courses/crimproinvdoc/'>Criminal

href='/academics/courses/crimproinves/'>Criminal

href='/academics/courses/evidence/'>Evidence

href='/academics/courses/familylaw/'>Family
href='/academics/courses/incometax/'>Income
href='/academics/courses/ip/'>Intellectual
href='/academics/courses/profresp/'>Professional
href='/academics/courses/profrespf/'>Professional
href='/academics/courses/profresplawfirm/'>Professional

href='/academics/courses/prethicallawyering/'>Professional
href='/academics/courses/prethlawcontext/'>Professional
href='/academics/courses/profrespethicslit/'>Professional

href='/academics/courses/prgovtattny/'>Professional
href='/academics/courses/profrespethnicscrim/'>Professional
href='/academics/courses/salessectrans/'>Sales
href='/academics/courses/sectrans/'>Secured
href='/academics/courses/sectranswe/'>Secured
href='/academics/courses/trustsestates/'>Trusts
href='/academics/degreeprograms/'>Degree
href='/academics/courses/'>Courses

href='/academics/courses/firstyear/'>First-Year

href='/academics/courses/core/'>Core

href='/academics/courses/upperlevel/'>Upper-Level

href='/academics/courses/llm/'>LL.M.

href='/academics/calendars/'>Academic

href='/academics/summer/'>Summer

href='/academics/clinic/'>Clinical

href='/academics/externship/'>Externship

href='/academics/transitiontopractice/'>Transition-to-Practice

href='/academics/international/'>International

href='/academics/certificateprograms/'>Certificate

href='/academics/policies/'>Academic

href='/academics/wlrc/'>The

href='/academics/courses/civpro/'>Civil
href='/academics/courses/conlaw/'>Constitutional
href='/academics/courses/contracts/'>Contracts

href='/academics/courses/crimlaw/'>Criminal
href='/academics/courses/property/'>Property

href='/academics/courses/rrwafall/'>Research,
href='/academics/courses/rrwaspring/'>Research,
href='/academics/courses/torts/'>Torts

